{
  "hepatic_ci": 0.7574976027510498,
  "death_ci": 0.7691095350669819,
  "average_ci": 0.7633035689090159
}