{
  "timestamp": "20260323_124008",
  "death_ci": 0.8619648016811138,
  "hepatic_ci": 0.7900340574678438,
  "death_fold_std": 0.04359699229899277,
  "hepatic_fold_std": 0.08849526036964771,
  "elapsed_minutes": 2.430752583333333
}