{
  "hepatic_ci": 0.7561756958781234,
  "death_ci": 0.9179143682689782,
  "average_ci": 0.8370450320735507
}