{
  "hepatic_ci": 0.8091789835664451,
  "death_ci": 0.8159092899045618,
  "average_ci": 0.8125441367355035,
  "n_features": 157
}