{
  "hepatic_ci": 0.824554442350296,
  "death_ci": 0.8722090885211452,
  "hepatic_fold_cis": [
    0.8482084690553746,
    0.9467391304347826,
    0.6923076923076923,
    0.8239815526518063,
    0.9203539823008849
  ],
  "death_fold_cis": [
    0.8840764331210191,
    0.841168996188056,
    0.9149532710280374,
    0.8864970645792564,
    0.8155688622754491
  ],
  "n_features": 209,
  "n_validated_features": 12
}