{
  "hepatic_ci": 0.7813047647389478,
  "death_ci": 0.8078101742404343,
  "hepatic_folds": [
    0.7713355048859935,
    0.9032608695652173,
    0.6598143236074271,
    0.8070714834742506,
    0.9165613147914032
  ],
  "death_folds": [
    0.8853503184713376,
    0.7217280813214739,
    0.8691588785046729,
    0.7426614481409002,
    0.8059880239520958
  ]
}